,type,id,lat,lon,tags
0,node,266219155,36.3202436,59.5218189,"{'amenity': 'school', 'name': 'هنرستان فنی'}"
1,node,266360127,36.3103916,59.5089446,{'amenity': 'parking'}
2,node,286499684,36.2880721,59.5581399,"{'amenity': 'fuel', 'name': 'پمپ بنزین میدان تلویزیون'}"
3,node,344467756,36.3150627,59.5601805,{'amenity': 'police'}
4,node,475070332,36.318183,59.554288,"{'amenity': 'fast_food', 'cuisine': 'sandwich', 'name': 'جاسمین', 'name:en': 'Jasmin', 'phone': '+98 51 3761 1111'}"
5,node,475079104,36.3184124,59.5536682,"{'amenity': 'cafe', 'name': 'خانه چای', 'name:en': 'T House'}"
6,node,475079106,36.3178677,59.5520583,"{'amenity': 'bank', 'atm': 'yes', 'bic': '1001', 'branch': 'سجاد', 'brand': 'بانک پاسارگاد', 'brand:en': 'Bank Pasargad', 'brand:wikidata': 'Q4855962', 'brand:wikipedia': 'en:Bank Pasargad', 'fax': '+98-511-7653100', 'name': 'بانک پاسارگاد', 'name:en': 'Bank Pasargad', 'phone': '+98-511-7654476-9'}"
7,node,475079108,36.3190901,59.551943,"{'amenity': 'pharmacy', 'name': 'هلال احمر', 'name:en': 'Helal-Ahmar'}"
8,node,645361381,36.3178264,59.5528528,"{'amenity': 'bank', 'atm': 'yes', 'bic': '9303', 'branch': 'سجاد', 'brand': 'بانک سامان', 'brand:en': 'Saman Bank', 'brand:wikidata': 'Q4117676', 'brand:wikipedia': 'en:Saman Bank', 'fax': '+98-511-7674046', 'name': 'بانک سامان', 'name:en': 'Saman Bank', 'phone': '+98-511-7648208-9'}"
9,node,650315297,36.3203383,59.5267839,"{'amenity': 'clinic', 'healthcare': 'clinic', 'name': 'کلینیک خاتم', 'name:en': 'Khatam Day Clinic'}"
10,node,650593032,36.3154725,59.5450151,"{'amenity': 'university', 'name': 'موسسه آموزش عالی غیرانتفاعی تابران ۱'}"
11,node,651567764,36.31998,59.526783,"{'amenity': 'pharmacy', 'name': 'داروخانه دکتر بهداد', 'name:en': 'Dr. Behada drugstore'}"
12,node,651567772,36.32142,59.52233,"{'amenity': 'pharmacy', 'healthcare': 'pharmacy', 'name': 'داروخانه دکتر انصاری', 'name:en': 'Dr. Ansari Drugstore'}"
13,node,658405611,36.3134078,59.5627071,"{'amenity': 'bank', 'atm': 'yes', 'bic': '1801', 'fax': '+98-511-7640050', 'name': 'اقتصاد نوین', 'name:en': 'Eghtesad Novin-Sajad branch', 'operator': 'Eghtesad Novin', 'phone': '+98-511-7681011-12'}"
14,node,658439769,36.3144545,59.5614859,"{'access': 'yes', 'amenity': 'parking', 'capacity': '24', 'capacity:disabled': '24', 'email': 'info@optimpark.com', 'fee': 'yes', 'name': 'پارکینگ مکانیزه پیام', 'name:en': 'Payam mechanized parking', 'name:fa': 'پارکینگ مکانیزه پیام', 'operator': 'Mashhad Municipality', 'operator:type': 'government', 'park_ride': 'yes', 'parking': 'multi-storey', 'payment:cash': 'yes', 'payment:credit_cards': 'yes', 'phone': '+982128111113', 'surface': 'steel', 'website': 'https://optimpark.com/'}"
15,node,659720445,36.32029,59.52564,"{'amenity': 'bank', 'atm': 'yes', 'branch': 'ایرج میرزا', 'brand': 'بانک سپه', 'brand:en': 'Bank Sepah', 'brand:wikidata': 'Q2882624', 'brand:wikipedia': 'en:Bank Sepah', 'name': 'بانک سپه', 'name:en': 'Bank Sepah', 'opening_hours': 'Sa-We 07:30-13:30; Th 07:30-12:30'}"
16,node,659720446,36.3201924,59.5259006,"{'amenity': 'clinic', 'healthcare': 'clinic', 'name': 'کلینیک سلامت کودک', 'name:en': ""Children's Clinic""}"
17,node,659720453,36.3210419,59.5233577,"{'amenity': 'bank', 'atm': 'yes', 'brand': 'بانک کشاورزی', 'brand:en': 'Bank Keshavarzi Iran', 'brand:wikidata': 'Q6395007', 'brand:wikipedia': 'en:Bank Keshavarzi Iran', 'name': 'بانک کشاورزی', 'name:en': 'Bank Keshavarzi Iran', 'operator': 'Agriculture Bank'}"
18,node,667296553,36.3139027,59.5612836,"{'amenity': 'bank', 'atm': 'yes', 'branch': 'بولوار سجاد', 'brand': 'بانک کشاورزی', 'brand:en': 'Bank Keshavarzi Iran', 'brand:wikidata': 'Q6395007', 'brand:wikipedia': 'en:Bank Keshavarzi Iran', 'name': 'بانک کشاورزی', 'name:en': 'Bank Keshavarzi Iran', 'operator': 'Agriculture Bank'}"
19,node,667296554,36.314261,59.5615282,"{'amenity': 'bank', 'atm': 'yes', 'branch': 'هدایت', 'brand': 'بانک صادرات', 'brand:en': 'Bank Saderat Iran', 'brand:wikidata': 'Q2882608', 'brand:wikipedia': 'en:Bank Saderat Iran', 'name': 'بانک صادرات', 'name:en': 'Bank Saderat Iran', 'operator': 'Saderat Bank'}"
20,node,667325419,36.297534,59.543371,"{'addr:street': 'شهید کلانتری', 'amenity': 'restaurant', 'cuisine': 'kebab;chicken;asian;seafood', 'name': 'معین درباری', 'name:en': 'Moin Darbari Restaurant', 'phone': '+98 51 3878 5248', 'smoking': 'no', 'takeaway': 'yes'}"
21,node,667325421,36.301832,59.5377378,"{'amenity': 'telephone', 'payment:telephone_cards': 'yes'}"
22,node,667325422,36.3185021,59.5311188,"{'amenity': 'telephone', 'payment:coins': 'yes', 'payment:telephone_cards': 'yes'}"
23,node,669075128,36.3054105,59.5266973,"{'amenity': 'college', 'name': 'گروه علوم و صنایع غذایی', 'name:en': 'Department of Food Science & Technology'}"
24,node,670076245,36.3192065,59.5447104,"{'amenity': 'library', 'name': 'کتابخانه مسجد سجاد', 'name:en': 'Library of Sajad Mosque'}"
25,node,670076274,36.3120588,59.5599301,"{'amenity': 'restaurant', 'cuisine': 'kebab', 'name': 'رستوران پسران کریم', 'name:en': ""Karim's Sons Restaurant""}"
26,node,670076280,36.311378,59.5619812,"{'amenity': 'restaurant', 'cuisine': 'italian', 'name': 'رستوران ایران ایتالیا', 'name:en': 'Iran-Italia Restaurant'}"
27,node,677097444,36.3116559,59.5578767,"{'amenity': 'library', 'name': 'کتابخانه مسجد قبا', 'name:en': 'Library of Quba Mosque'}"
28,node,679718757,36.3167771,59.5222032,"{'amenity': 'doctors', 'healthcare': 'doctor', 'name': 'مرکز باروری و ناباروری نوین', 'name:en': 'Novin fertility and infertility Center'}"
29,node,691948355,36.2818737,59.5598356,"{'amenity': 'community_centre', 'name': 'فرهنگسرای شهر آینه کوهسنگی', 'name:en': 'Farhangsaraye Shahr Ayeneh Koohsangi'}"
30,node,691948357,36.283165,59.5609351,"{'amenity': 'toilets', 'fee': 'no'}"
31,node,691948360,36.2826397,59.5616517,"{'amenity': 'restaurant', 'name': 'رستوران کوهسنگی', 'name:en': 'Koohsangi', 'name:fa': 'رستوران کوهسنگی جبل النور'}"
32,node,722560971,36.3196948,59.5627955,"{'access': 'destination', 'amenity': 'parking', 'parking': 'surface'}"
33,node,768619032,36.3173383,59.5026545,{'amenity': 'car_wash'}
34,node,841764754,36.3113376,59.5622302,"{'amenity': 'fast_food', 'name': 'پیتزا و ساندویچ ۲ در ۱', 'name:en': 'pizza & sandwich 2x1'}"
35,node,841764760,36.3114154,59.5617689,"{'amenity': 'cafe', 'name': 'AX'}"
36,node,841772837,36.3142683,59.5605994,"{'amenity': 'cafe', 'name': 'فانوس طلایی'}"
37,node,841773457,36.322391,59.5529996,{'amenity': 'cafe'}
38,node,894280710,36.3087002,59.4995619,"{'amenity': 'place_of_worship', 'denomination': 'shia', 'name': 'مسجد امام حسن مجتبی', 'name:en': 'Imam Hassan Mosque', 'religion': 'muslim'}"
39,node,1057534056,36.2839245,59.5483476,"{'addr:street': 'میدان شهید کاوه', 'amenity': 'bank', 'name': 'بانک ملی', 'operator': 'Melli Bank'}"
40,node,1081996558,36.3169876,59.5217897,"{'amenity': 'library', 'name': 'کتابخانه فرهنگ', 'name:en': 'Farhang Public Library', 'phone': '+98 511 8839199'}"
41,node,1566661391,36.3174929,59.5227002,{'amenity': 'school'}
42,node,1750032582,36.2851845,59.5479134,"{'amenity': 'pharmacy', 'dispensing': 'no', 'name': 'داروخانه شبانه روزی دکتر عماد حقی', 'name:en': 'Dr. Emad Haqi drugstore', 'opening_hours': '24/7', 'phone': '+98 511 8763043'}"
43,node,1750032583,36.3046433,59.5132901,"{'amenity': 'pharmacy', 'dispensing': 'no', 'healthcare': 'pharmacy', 'name': 'داروخانه دکتر نافعی', 'name:en': ""Dr. Nafe'ee drugstore"", 'opening_hours': '24/7', 'phone': '+98 511 8828261'}"
44,node,1750032598,36.3036683,59.5152102,"{'amenity': 'bank', 'atm': 'no', 'branch': 'حر', 'brand': 'بانک مسکن', 'brand:en': 'Bank Maskan', 'brand:wikidata': 'Q4855942', 'brand:wikipedia': 'en:Bank Maskan', 'name': 'بانک مسکن', 'name:en': 'Bank Maskan', 'operator': 'Maskan Bank'}"
45,node,1750032603,36.2897103,59.5404223,"{'amenity': 'bank', 'atm': 'yes', 'branch': 'رودکی', 'brand': 'بانک ملت', 'brand:en': 'Bank Mellat', 'brand:wikidata': 'Q4855944', 'brand:wikipedia': 'en:Bank Mellat', 'name': 'بانک ملت', 'name:en': 'Bank Mellat', 'operator': 'Mellat Bank'}"
46,node,1750032605,36.3046124,59.5133516,"{'amenity': 'clinic', 'healthcare': 'clinic', 'name': 'درمانگاه پیروزی', 'name:en': 'Piroozi clinic', 'opening_hours': '24/7', 'phone': '+98 511 8825772'}"
47,node,1750032608,36.3155041,59.5091162,"{'amenity': 'bank', 'atm': 'yes', 'branch': 'هاشمیه', 'brand': 'بانک صادرات', 'brand:en': 'Bank Saderat Iran', 'brand:wikidata': 'Q2882608', 'brand:wikipedia': 'en:Bank Saderat Iran', 'name': 'بانک صادرات', 'name:en': 'Bank Saderat Iran', 'opening_hours': 'Sa-Th 07:30-14:00', 'operator': 'Saderat Bank'}"
48,node,1750032609,36.2892713,59.5411844,"{'amenity': 'bank', 'atm': 'yes', 'branch': 'خاقانی', 'brand': 'بانک صادرات', 'brand:en': 'Bank Saderat Iran', 'brand:wikidata': 'Q2882608', 'brand:wikipedia': 'en:Bank Saderat Iran', 'name': 'بانک صادرات', 'name:en': 'Bank Saderat Iran', 'operator': 'Saderat Bank'}"
49,node,1750032610,36.2938891,59.5432549,"{'addr:street': 'بولوار رضوی', 'amenity': 'bank', 'atm': 'yes', 'branch': 'رضوی', 'brand': 'بانک صادرات', 'brand:en': 'Bank Saderat Iran', 'brand:wikidata': 'Q2882608', 'brand:wikipedia': 'en:Bank Saderat Iran', 'name': 'بانک صادرات', 'name:en': 'Bank Saderat Iran', 'operator': 'Saderat Bank'}"
50,node,1750033044,36.2909151,59.5384696,"{'addr:street': 'بولوار پیروزی', 'amenity': 'bank', 'atm': 'yes', 'branch': 'رضاشهر', 'brand': 'بانک سپه', 'brand:en': 'Bank Sepah', 'brand:wikidata': 'Q2882624', 'brand:wikipedia': 'en:Bank Sepah', 'drive_through': 'yes', 'name': 'بانک سپه', 'name:en': 'Bank Sepah', 'operator': 'Sepah Bank'}"
51,node,1750033045,36.2928181,59.5446316,"{'addr:city': 'مشهد', 'addr:street': 'بولوار رضوی', 'amenity': 'place_of_worship', 'denomination': 'shia', 'name': 'مسجد المهدی', 'name:en': 'Almahdi Mosque', 'religion': 'muslim'}"
52,node,1750033046,36.2944187,59.5431935,"{'amenity': 'bank', 'atm': 'yes', 'brand': 'بانک ملت', 'brand:en': 'Bank Mellat', 'brand:wikidata': 'Q4855944', 'brand:wikipedia': 'en:Bank Mellat', 'name': 'بانک ملت', 'name:en': 'Bank Mellat', 'operator': 'Mellat Bank'}"
53,node,1750033049,36.2897037,59.5395226,"{'addr:street': 'بولوار پیروزی', 'amenity': 'bank', 'atm': 'yes', 'brand': 'بانک کشاورزی', 'brand:en': 'Bank Keshavarzi Iran', 'brand:wikidata': 'Q6395007', 'brand:wikipedia': 'en:Bank Keshavarzi Iran', 'name': 'بانک کشاورزی', 'name:en': 'Bank Keshavarzi Iran', 'operator': 'Agriculture Bank'}"
54,node,1792111174,36.3151351,59.5097878,"{'amenity': 'restaurant', 'cuisine': 'turkish', 'name': 'استانبول', 'name:en': 'Istanbul'}"
55,node,1792111217,36.315352,59.509411,"{'amenity': 'restaurant', 'name': 'رستوران کلبه', 'name:en': 'Kolbeh'}"
56,node,2278080162,36.3148655,59.4873362,"{'amenity': 'bank', 'atm': 'yes', 'brand': 'بانک رفاه', 'brand:en': 'Refah Bank', 'brand:wikidata': 'Q7307083', 'brand:wikipedia': 'en:Refah Bank', 'name': 'بانک رفاه', 'name:en': 'Refah Bank'}"
57,node,2278080723,36.314792,59.4886881,"{'amenity': 'bank', 'atm': 'yes', 'brand': 'بانک صادرات', 'brand:en': 'Bank Saderat Iran', 'brand:wikidata': 'Q2882608', 'brand:wikipedia': 'en:Bank Saderat Iran', 'name': 'بانک صادرات', 'name:en': 'Bank Saderat Iran'}"
58,node,2278081142,36.3147834,59.4890636,"{'amenity': 'bank', 'atm': 'yes', 'brand': 'بانک ملی', 'brand:en': 'Bank Melli Iran', 'brand:wikidata': 'Q806640', 'brand:wikipedia': 'en:Bank Melli Iran', 'name': 'بانک ملی', 'name:en': 'Bank Melli Iran'}"
59,node,2427123690,36.2881839,59.5429877,"{'amenity': 'pharmacy', 'dispensing': 'no', 'name': 'داروخانه دکتر شهنواز', 'name:en': 'Dr. Shahnavaz drugstore'}"
60,node,2427123702,36.3224266,59.5253323,"{'amenity': 'restaurant', 'cuisine': 'pizza', 'name': 'فارد فود', 'name:en': 'Fared Food'}"
61,node,2427124542,36.305501,59.511653,"{'addr:street': 'میدان حر', 'amenity': 'pharmacy', 'healthcare': 'pharmacy', 'name': 'داروخانه دکتر پیرزاده مقدم'}"
62,node,2427124559,36.3163855,59.5097865,"{'amenity': 'bank', 'atm': 'yes', 'brand': 'بانک سامان', 'brand:en': 'Saman Bank', 'brand:wikidata': 'Q4117676', 'brand:wikipedia': 'en:Saman Bank', 'name': 'بانک سامان', 'name:en': 'Saman Bank', 'opening_hours': 'Mo-We,Sa-Su 07:45-13:30,Th 07:30-12:30; PH closed', 'operator': 'Saman Bank'}"
63,node,2427124564,36.3104046,59.5044933,"{'amenity': 'bank', 'atm': 'yes', 'branch': 'میدان هنرستان', 'brand': 'بانک سپه', 'brand:en': 'Bank Sepah', 'brand:wikidata': 'Q2882624', 'brand:wikipedia': 'en:Bank Sepah', 'name': 'بانک سپه', 'name:en': 'Bank Sepah'}"
64,node,2427124568,36.3163166,59.5097261,"{'amenity': 'bank', 'atm': 'yes', 'branch': 'بلوار هاشمیه', 'brand': 'بانک سپه', 'brand:en': 'Bank Sepah', 'brand:wikidata': 'Q2882624', 'brand:wikipedia': 'en:Bank Sepah', 'name': 'بانک سپه', 'name:en': 'Bank Sepah', 'opening_hours': 'Mo-We,Sa-Su 07:30-13:30,Th 07:30-12:30; PH closed', 'operator': 'Sepah Bank'}"
65,node,2427124576,36.3052498,59.5121397,"{'amenity': 'bank', 'atm': 'yes', 'branch': 'میدان حر', 'brand': 'بانک صادرات', 'brand:en': 'Bank Saderat Iran', 'brand:wikidata': 'Q2882608', 'brand:wikipedia': 'en:Bank Saderat Iran', 'name': 'بانک صادرات', 'name:en': 'Bank Saderat Iran', 'operator': 'Saderat Bank'}"
66,node,2427124580,36.3059503,59.5107634,"{'amenity': 'bank', 'atm': 'yes', 'branch': 'میدان حر', 'brand': 'بانک ملت', 'brand:en': 'Bank Mellat', 'brand:wikidata': 'Q4855944', 'brand:wikipedia': 'en:Bank Mellat', 'name': 'بانک ملت', 'name:en': 'Bank Mellat', 'operator': 'Mellat Bank'}"
67,node,2427124583,36.3170781,59.5104181,"{'amenity': 'bank', 'atm': 'yes', 'branch': 'هاشمیه', 'brand': 'بانک ملت', 'brand:en': 'Bank Mellat', 'brand:wikidata': 'Q4855944', 'brand:wikipedia': 'en:Bank Mellat', 'name': 'بانک ملت', 'name:en': 'Bank Mellat', 'opening_hours': 'Sa-Th 07:30-14:00'}"
68,node,2427124590,36.3127785,59.5065502,"{'amenity': 'bank', 'atm': 'yes', 'branch': 'هاشمیه', 'brand': 'بانک پاسارگاد', 'brand:en': 'Bank Pasargad', 'brand:wikidata': 'Q4855962', 'brand:wikipedia': 'en:Bank Pasargad', 'name': 'بانک پاسارگاد', 'name:en': 'Bank Pasargad', 'operator': 'Pasargad Bank'}"
69,node,2427124594,36.3162571,59.5096747,"{'amenity': 'bank', 'atm': 'yes', 'brand': 'بانک آینده', 'brand:en': 'Ayandeh Bank', 'brand:wikidata': 'Q5938144', 'brand:wikipedia': 'en:Ayandeh Bank', 'name': 'بانک آینده', 'name:en': 'Ayandeh Bank', 'opening_hours': 'Mo-We,Sa-Su 07:30-13:30; Th 07:30-12:30; PH closed'}"
70,node,2914752979,36.3201414,59.5285159,"{'amenity': 'cafe', 'cuisine': 'coffee_shop', 'internet_access': 'wlan', 'name': 'تی بگ', 'name:en': 'Tea bag', 'smoking': 'yes'}"
71,node,3260508485,36.2931743,59.5358975,"{'amenity': 'school', 'name': 'مرکز جامع توانبخشی معلولان ذهنی رشد'}"
72,node,3261949231,36.3167656,59.5570234,"{'amenity': 'school', 'name': 'مؤسسه توانبخشی ولیعصر (عج) - مرکز روزانه آموزشی ذهنی نگین عصر', 'url': 'www.vrf.ir'}"
73,node,3390327987,36.2871095,59.55794,"{'amenity': 'fuel', 'name': 'جایگاه CNG'}"
74,node,3698775792,36.2895786,59.5558087,"{'amenity': 'bank', 'branch': 'صداوسیما', 'brand': 'بانک تجارت', 'brand:wikidata': 'Q7695198', 'brand:wikipedia': 'en:Tejarat Bank', 'name': 'بانک تجارت', 'name:en': 'Tejarat Bank'}"
75,node,3730227093,36.3134541,59.5628646,"{'addr:city': 'مشهد', 'addr:housenumber': 'واحد 11', 'addr:street': 'نبش بیستون مجتمع تک طبقه منهای یک', 'amenity': 'internet_cafe', 'description': 'نمایندگی رسمی صبانت در خراسان رضوي', 'internet_access': 'service', 'name': 'تکنیک رایانه (صبانت مشهد)', 'name:en': 'Sabanet Technic Rayaneh', 'opening_hours': 'Sa-Th 09:00-13:00', 'phone': '+98 51 3761 5917;+98 51 3761 2317', 'website': 'http://www.ctechnic.com'}"
76,node,3807113565,36.3058115,59.5352454,"{'amenity': 'college', 'email': 'ctpl@um.ac.ir', 'name': 'مرکز بین المللی آموزش زبان فارسی به غیرفارسی زبانان', 'name:en': 'International Center for Teaching Persian to Non-Persian', 'website': 'Ctpl.um.ac.ir'}"
77,node,3807170523,36.3038867,59.5306173,"{'amenity': 'bank', 'atm': 'yes', 'brand': 'بانک تجارت', 'brand:wikidata': 'Q7695198', 'brand:wikipedia': 'en:Tejarat Bank', 'name': 'بانک تجارت', 'name:en': 'Tejarat Bank'}"
78,node,3807170524,36.3038938,59.5307007,"{'amenity': 'bank', 'atm': 'yes', 'brand': 'بانک ملی', 'brand:en': 'Bank Melli Iran', 'brand:wikidata': 'Q806640', 'brand:wikipedia': 'en:Bank Melli Iran', 'name': 'بانک ملی', 'name:en': 'Bank Melli Iran'}"
79,node,3807170525,36.3060124,59.5329615,"{'amenity': 'atm', 'brand': 'بانک تجارت'}"
80,node,3868875594,36.3032588,59.5297293,"{'amenity': 'theatre', 'name': 'آمفی تئاتر', 'name:en': 'Amphitheater'}"
81,node,4089420791,36.2807985,59.5532482,"{'amenity': 'place_of_worship', 'religion': 'muslim'}"
82,node,4199833594,36.2752898,59.5441266,"{'amenity': 'place_of_worship', 'denomination': 'shia', 'name': 'مسجد', 'religion': 'muslim'}"
83,node,4271044591,36.3007398,59.4964287,"{'amenity': 'cafe', 'name': 'کافی شاپ', 'name:en': 'coffee Shop'}"
84,node,4337948892,36.3220718,59.5200119,"{'amenity': 'restaurant', 'cuisine': 'persian', 'description': 'كیفیت غذای عالی برنج عالی فضا معمولی رو به خوب', 'name': 'رستوران و کترینگ ریخته گرزاده', 'name:en': 'Rikhtegar zadeh catering'}"
85,node,4386136190,36.3008206,59.5372096,"{'amenity': 'toilets', 'name': 'توالت عمومی'}"
86,node,4406532592,36.3216485,59.5369989,{'amenity': 'bicycle_parking'}
87,node,4408345389,36.3113688,59.5616485,"{'addr:street': 'خیابان فرهاد', 'amenity': 'fast_food', 'name': 'خانه پیتزا', 'name:en': 'pizza house'}"
88,node,4411341490,36.2943328,59.5427449,"{'addr:street': 'خاقانی ۴', 'amenity': 'restaurant', 'name': 'رستوران سنتی کلبه دنج', 'name:en': 'Kolbe-Denj Traditional Restaurant'}"
89,node,4417475300,36.2995033,59.5319417,"{'amenity': 'restaurant', 'name': 'کباب رضوی', 'phone': '+98 51 3878 2338'}"
90,node,4417514631,36.2922162,59.5458684,"{'addr:city': 'مشهد', 'addr:street': 'بولوار رضوی', 'amenity': 'school', 'fee': 'yes', 'name': 'پیش دبستانی و دبستان رضوی', 'name:en': 'Razavi School&primary School'}"
91,node,4417524773,36.2878083,59.544559,"{'amenity': 'post_office', 'name': 'پست'}"
92,node,4417528354,36.2875347,59.5431982,"{'amenity': 'school', 'name': 'دبیرستان بهشت', 'name:en': 'Behesht High School'}"
93,node,4417531200,36.2910653,59.5374202,"{'addr:street': 'بولوار پیروزی', 'amenity': 'register_office', 'name': 'دفتر رسمی ازدواج ۱۱۶ مشهد'}"
94,node,4417531225,36.2911936,59.5370697,"{'amenity': 'school', 'name': 'دبستان بهشت', 'name:en': 'Primary School'}"
95,node,4417553649,36.2926627,59.5604424,"{'amenity': 'restaurant', 'name': 'طباخی کوثر'}"
96,node,4417553650,36.2929617,59.5611201,"{'amenity': 'events_venue', 'name': 'تالار یاس'}"
97,node,4417954285,36.3156808,59.5585165,"{'amenity': 'bank', 'brand': 'بانک آینده', 'brand:en': 'Ayandeh Bank', 'brand:wikidata': 'Q5938144', 'brand:wikipedia': 'en:Ayandeh Bank', 'name': 'بانک آینده', 'name:en': 'Ayandeh Bank'}"
98,node,4417954286,36.3143215,59.5608329,"{'amenity': 'bank', 'brand': 'بانک سرمایه', 'brand:en': 'Sarmayeh Bank', 'brand:wikidata': 'Q7424291', 'brand:wikipedia': 'en:Sarmayeh Bank', 'name': 'بانک سرمایه', 'name:en': 'Sarmayeh Bank'}"
99,node,4419128683,36.294462,59.5425131,"{'addr:street': 'نبش خاقانی ۴', 'amenity': 'fast_food', 'cuisine': 'burger', 'name': 'ساندویج پارت'}"
100,node,4422402593,36.2894426,59.5402342,"{'amenity': 'pharmacy', 'healthcare': 'pharmacy', 'name': 'داروخانه دکتر عطاران', 'name:en': 'Dr.Attaran Pharmacy'}"
101,node,4428117342,36.3154075,59.5419062,"{'amenity': 'restaurant', 'cuisine': 'kebab', 'name': 'رویال طلایی', 'name:en': 'Golden Royal', 'outdoor_seating': 'no'}"
102,node,4428117349,36.3145202,59.490435,"{'amenity': 'atm', 'operator': 'بانک شهر'}"
103,node,4447719191,36.2850952,59.5478778,"{'amenity': 'clinic', 'name': 'درمانگاه شبانه روزی آریا'}"
104,node,4447759390,36.3132629,59.5010296,"{'addr:street': 'میدان هنرستان', 'amenity': 'doctors', 'healthcare': 'doctor', 'name': 'مطب دکتر عاشورزاده'}"
105,node,4447759391,36.313403,59.500915,"{'addr:street': 'میدان هنرستان', 'amenity': 'pharmacy', 'healthcare': 'pharmacy', 'name': 'داروخانه دکتر مستوفی', 'name:en': 'Dr.Mostoufi Pharmacy'}"
106,node,4486488892,36.3024369,59.560291,{'amenity': 'atm'}
107,node,4493981693,36.3213665,59.5444656,"{'amenity': 'restaurant', 'name': 'مرکز آموزشی و رفاهی فرهنگیان امام سجاد (ع)', 'name:en': 'Imam Sajad Educational and Recreational Center of Teachers', 'operator': 'آموزش و پرورش', 'phone': '+98 51 3607 7790', 'tourism': 'hotel'}"
108,node,4535597291,36.3166126,59.5075631,"{'addr:housenumber': '186', 'addr:street': 'روبروی صارمی ۲۳ پلاک', 'amenity': 'veterinary', 'internet_access': 'wlan', 'name': 'کلینیک دامپزشکی مهرداد', 'name:en': 'mehrdad pet clinic', 'opening_hours': 'Mo-Su 10:00-23:00', 'phone': '+989151100783', 'website': 'http://petfamily.ir'}"
109,node,4536966391,36.3028722,59.5596407,"{'addr:street': 'نبش ملک آباد ۱', 'amenity': 'school', 'name': 'دبیرستان خیلج فارس، پارکینگ تالار معلم', 'name:en': 'Persian Gulf High School'}"
110,node,4536994089,36.3034889,59.560059,"{'addr:street': 'ملک آباد ۱، نبش قدس ۲، تالار معلم', 'amenity': 'restaurant', 'name': 'مرکز آموزشی و رفاهی فرهنگیان ناحیه ۳ خانه معلم', 'phone': '+98 51 376 83050;+98 51 376 82963'}"
111,node,4552362890,36.3049735,59.5131971,"{'addr:street': 'شهید صارمی ۱', 'amenity': 'fast_food', 'name': 'آویشن سیب زمینی', 'name:en': 'Avishan potato', 'opening_hours': 'Mo-Su 18:00-24:00', 'phone': '+98 51 3882 8584'}"
112,node,4555364592,36.3156899,59.5090355,"{'amenity': 'bank', 'branch': 'هاشمیه', 'brand': 'بانک رفاه', 'brand:en': 'Refah Bank', 'brand:wikidata': 'Q7307083', 'brand:wikipedia': 'en:Refah Bank', 'name': 'بانک رفاه', 'name:en': 'Refah Bank'}"
113,node,4686736492,36.2944062,59.5612595,"{'amenity': 'atm', 'operator': 'Mellat bank'}"
114,node,4687830297,36.3041883,59.513381,"{'amenity': 'school', 'name': 'دبیرستان نور حیات طیبه', 'name:en': 'Light of good deed life highschool', 'opening_hours': 'Mo-Su 07:20-01:20', 'phone': '+98 51 3882 3407'}"
115,node,4712808742,36.2814742,59.5618674,"{'access': 'yes', 'amenity': 'toilets', 'fee': 'no', 'level': '0'}"
116,node,4755817321,36.3138863,59.4891084,"{'addr:street': 'بولوار هفت تیر', 'amenity': 'school', 'name': 'مجتمع آموزشی و پرورشی دخترانه کوثر'}"
117,node,4755817322,36.3131513,59.4889197,"{'addr:street': 'نرسیده به هفتم تیر ۳۶', 'amenity': 'school', 'name': 'دبستان شاهد پسرانه استاد شهریار'}"
118,node,4755817522,36.3133633,59.4891659,"{'addr:street': 'بولوار هفت تیر', 'amenity': 'school', 'name': 'هنرستان فنی و حرفه ای دخترانه نشاط', 'operator': 'رشته تخصصی تربیت بدنی'}"
119,node,4755817722,36.3138289,59.4899015,"{'amenity': 'toilets', 'operator': 'توالت عمومی، سرویس بهداشتی عمومی'}"
120,node,4797227322,36.3185532,59.5447371,"{'amenity': 'bank', 'name': 'قوامین', 'name:en': 'Ghavamin'}"
121,node,4807534821,36.3073141,59.5619809,"{'addr:street': 'فلسطین ١٨', 'amenity': 'cafe', 'name': 'شبدیز', 'name:en': 'shabdiz'}"
122,node,4811371123,36.2820414,59.5505524,"{'amenity': 'police', 'government': 'migration', 'name': 'پلیس مهاجرت و کذرنامه خراسان رضوی', 'name:ar': 'الشرطه للهجره و الجوازات خراسان رضوی', 'name:en': 'The Immigration & Passport Police of Khorasan Razavi', 'name:zh': '移民局', 'office': 'government'}"
123,node,4860877621,36.2897984,59.539642,"{'amenity': 'atm', 'operator': 'آشیونه'}"
124,node,4866947821,36.2800913,59.5430478,"{'amenity': 'fast_food', 'name': 'جلیز و ولیز', 'name:en': 'Jilizoviliz'}"
125,node,4866947921,36.2804247,59.5449519,{'amenity': 'atm'}
126,node,4872512022,36.279219,59.5470512,"{'amenity': 'school', 'name': 'دبیرستان دخترانه دلجو'}"
127,node,4872512023,36.2805517,59.5463119,"{'amenity': 'internet_cafe', 'name': 'کافی نت امین'}"
128,node,4872529521,36.2792955,59.5475102,"{'amenity': 'school', 'name': 'دبیرستان ملاصدرا'}"
129,node,4872529621,36.2787174,59.5471507,"{'amenity': 'school', 'name': 'دبیرستان غنچه و غیرتیش'}"
130,node,4892145527,36.3163712,59.5454105,"{'addr:street': 'خیابان حامد', 'amenity': 'cafe', 'name': 'کافه گالرى رادین', 'name:en': 'Radin Art Gallery'}"
131,node,4899748121,36.3096953,59.5541675,"{'addr:street': 'بولوار خیام', 'amenity': 'police', 'name': 'فرماندهی انتظامی استان خراسان رضوی', 'name:en': 'setad farmandehi naja'}"
132,node,4915018705,36.2998301,59.5373067,"{'addr:city': 'مشهد', 'addr:street': 'رضوی ۱۹', 'amenity': 'fast_food', 'cuisine': 'regional', 'delivery': 'yes', 'description': 'شب شنبه تعطیل است.', 'drive_through': 'yes', 'name': 'آشپزخانه طباطبایی', 'name:en': 'Tabatabaei Take away food', 'opening_hours': 'Mo-Su 11:00-24:00', 'outdoor_seating': 'no', 'phone': '+98 51 3879 0258', 'smoking': 'no', 'takeaway': 'yes'}"
133,node,4915018706,36.2915822,59.549013,"{'addr:city': 'مشهد', 'addr:street': 'دعبل خزائی', 'amenity': 'restaurant', 'cuisine': 'regional', 'delivery': 'yes', 'name': 'رستوران، کبابی و حلیم قائم', 'name:en': 'Qaem Restaurant', 'outdoor_seating': 'no', 'smoking': 'no', 'takeaway': 'yes'}"
134,node,4926066521,36.3051018,59.5626649,"{'amenity': 'school', 'name': 'مدرسه جدید یارن', 'name:en': 'Yaren Yeni okul'}"
135,node,4937361954,36.3127314,59.4936297,"{'addr:city': 'Khorasan', 'addr:country': 'IR', 'addr:street': 'بلوار شهید فکورى', 'amenity': 'place_of_worship', 'name': 'حسینیه حضرت قاسم ابن الحسن', 'name:en': 'Hazrat Qasem Mosque', 'religion': 'muslim'}"
136,node,4948814522,36.3117958,59.5617652,"{'addr:street': 'خیابان فرهاد', 'amenity': 'restaurant', 'name': 'کافه غذا', 'name:en': 'Cafe Ghaza', 'phone': '+98 51 3764 3693'}"
137,node,4958790022,36.2827922,59.5565739,"{'amenity': 'bicycle_parking', 'operator': 'paking'}"
138,node,4964389268,36.2764169,59.5604901,{'amenity': 'toilets'}
139,node,4964422821,36.2814958,59.5612581,{'amenity': 'fountain'}
140,node,4984640724,36.3054778,59.5117411,"{'amenity': 'bank', 'brand': 'بانک رفاه', 'brand:en': 'Refah Bank', 'brand:wikidata': 'Q7307083', 'brand:wikipedia': 'en:Refah Bank', 'name': 'بانک رفاه', 'name:en': 'Refah Bank'}"
141,node,4984644921,36.304884,59.5120571,"{'addr:street': 'میدان حر', 'amenity': 'school', 'name': 'پیش دبستانی و مهد قرآنی خاتم الانبیا', 'phone': '+98 51 3882 8706'}"
142,node,4984645021,36.3055948,59.511513,"{'amenity': 'bank', 'brand': 'بانک انصار', 'brand:wikidata': 'Q5862675', 'brand:wikipedia': 'fa:بانک انصار', 'name': 'بانک انصار'}"
143,node,4989760122,36.289993,59.5390216,"{'amenity': 'clinic', 'name': 'درمانگاه شبانه روزی صحت'}"
144,node,4992599821,36.3187423,59.5085071,"{'amenity': 'bank', 'atm': 'yes', 'name': 'بانک کوثر', 'name:en': 'Kowsar Bank', 'operator': 'بانک کوثر'}"
145,node,5004362607,36.311087,59.5071514,"{'amenity': 'restaurant', 'name': 'رستوران سولو', 'name:en': 'Solo Restaurant', 'opening_hours': 'Mo-Su 08:00-24:00', 'phone': '+98 51 3838 8838'}"
146,node,5004364512,36.3117542,59.5075334,"{'amenity': 'restaurant', 'name': 'جگر دادلی', 'name:en': 'Dadly'}"
147,node,5018738821,36.2864175,59.5057499,"{'amenity': 'clinic', 'healthcare': 'clinic', 'name': 'کلینیک و هاسپیس دکتر خطیب', 'name:en': 'Dr.Khatib Hospice', 'phone': '+98 51 3822 9002'}"
148,node,5020208122,36.3143457,59.5156713,"{'amenity': 'courthouse', 'name': 'مجتمع شماره ۴ شوراهای حل اختلاف مشهد'}"
149,node,5036468921,36.2921337,59.5386714,"{'addr:city': 'مشهد', 'addr:street': 'بولوار خاقانی', 'amenity': 'school', 'name': 'دبیرستان نمونه دولتی دانیال'}"
150,node,5041313522,36.3213965,59.5330039,"{'amenity': 'restaurant', 'cuisine': 'persian', 'internet_access': 'wlan', 'name': 'Terrasse Restaurant'}"
151,node,5046583422,36.317957,59.4927536,"{'amenity': 'ice_cream', 'name': 'بستنی سنتی رادکان', 'name:en': 'Radkan Persian Ice Cream'}"
152,node,5054195421,36.2794899,59.5059639,"{'amenity': 'bank', 'name': 'غزال ۹', 'name:en': 'Ghazal 9'}"
153,node,5055555121,36.301047,59.5386728,"{'amenity': 'cafe', 'name': 'کافی شاپ بیسکویت', 'name:en': 'Biscuit cafe'}"
154,node,5062372921,36.3098994,59.5052411,"{'amenity': 'clinic', 'healthcare': 'clinic', 'name': 'درمانگاه شبانه روزی شفامهر', 'name:en': 'Shafamehr 24/7 clinic', 'opening_hours': '24/7'}"
155,node,5062372922,36.3098668,59.5053322,"{'amenity': 'pharmacy', 'healthcare': 'pharmacy', 'name': 'داروخانه دکتر منتظمی', 'name:en': 'Dr. Montazemi pharmacy'}"
156,node,5064841241,36.3147805,59.5077257,"{'addr:city': 'Mashhad', 'addr:country': 'IR', 'amenity': 'cafe', 'name': 'شادا کافه'}"
157,node,5080688621,36.2778485,59.5464973,"{'amenity': 'community_centre', 'name': 'ارغوان ۱۱', 'name:en': 'Arghavan 11'}"
158,node,5111250624,36.2796295,59.5629547,"{'addr:street': 'بهشتی ۵۹', 'amenity': 'school', 'name': 'مدرسه هاشمی نژاد', 'name:en': 'Hasheminejad'}"
159,node,5111250922,36.2809885,59.5626297,"{'addr:street': 'کوهسنگی ۳۴', 'amenity': 'school', 'name': 'مدرسه الغدیر', 'name:en': 'Alghadir'}"
160,node,5122006621,36.2847432,59.5500401,"{'addr:housenumber': '5', 'addr:street': 'بولوار شهید کاوه', 'amenity': 'restaurant', 'cuisine': 'persian', 'delivery': 'yes', 'internet_access': 'wlan', 'name': 'نان داغ کباب داغ امید رضاشهر', 'name:en': 'Omid Restaurant', 'opening_hours': 'Mo-Su 10:00-00:00', 'operator': 'میرجلیلی', 'outdoor_seating': 'no', 'phone': '+98 51 3879 7988', 'smoking': 'no', 'takeaway': 'yes'}"
161,node,5140711324,36.3217528,59.4995793,"{'addr:housenumber': '051 3869 3773', 'addr:street': 'صارمی ۳۳', 'amenity': 'school', 'name': 'دانشگاه علوم و فنون هوایی مشهد', 'name:en': 'Aviation University of Mashhad'}"
162,node,5143656468,36.3208885,59.5240206,"{'amenity': 'fast_food', 'cuisine': 'arab;pizza;fast_food', 'name': 'رستوران لیالی لبنان'}"
163,node,5203104417,36.2886679,59.5457506,"{'amenity': 'restaurant', 'name': 'رستوران سدروس', 'name:en': 'Sadrous Restaurant'}"
164,node,5218120121,36.3214802,59.5408331,"{'amenity': 'toilets', 'operator': 'parke-mellat'}"
165,node,5219394322,36.3203617,59.513856,"{'amenity': 'parking', 'operator': 'پارکینگ آبان پلازا و هایپرمی'}"
166,node,5239926163,36.3159375,59.5200993,"{'addr:city': 'مشهد', 'addr:country': 'IR', 'amenity': 'cafe', 'name': 'کافه اتحاد', 'name:en': 'Cafe Etihad'}"
167,node,5241650088,36.3164393,59.5098437,"{'amenity': 'bank', 'atm': 'yes', 'brand': 'بانک ملی', 'brand:en': 'Bank Melli Iran', 'brand:wikidata': 'Q806640', 'brand:wikipedia': 'en:Bank Melli Iran', 'name': 'بانک ملی', 'name:en': 'Bank Melli Iran', 'opening_hours': 'Mo-We,Sa-Su 07:30-13:30; Th 07:30-12:30; PH closed', 'operator': 'Melli bank'}"
168,node,5268385782,36.3098885,59.5625183,"{'amenity': 'fire_station', 'name': 'آتش\u200cنشانی'}"
169,node,5274920124,36.3086412,59.5564269,"{'amenity': 'car_wash', 'name': 'اینجا یک کوچه است', 'name:en': 'there is a road here'}"
170,node,5289187709,36.3050287,59.5614132,"{'amenity': 'school', 'name': 'رحمت', 'name:en': 'Rahmat'}"
171,node,5313304740,36.2904841,59.559057,"{'amenity': 'fast_food', 'name': 'بشقاب داغ'}"
172,node,5313304741,36.2906949,59.559071,"{'amenity': 'fast_food', 'name': 'پیتزا ونک'}"
173,node,5330998233,36.3058096,59.5563257,"{'amenity': 'restaurant', 'name': 'زیتون', 'name:en': 'Zeytoon'}"
174,node,5352106521,36.2926487,59.5612027,"{'amenity': 'pharmacy', 'dispensing': 'yes', 'healthcare': 'pharmacy', 'name': 'داروخانه'}"
175,node,5352117547,36.2892883,59.5614663,"{'amenity': 'taxi', 'name': 'آژانس تاکسی تلفنی', 'name:en': 'Taxi Agency'}"
176,node,5352117548,36.2886444,59.5614143,"{'amenity': 'taxi', 'name': 'آژانس تاکسی تلفنی ابوذر', 'name:en': 'Aboozar Taxi Agency'}"
177,node,5352117556,36.2882168,59.5583021,"{'amenity': 'car_wash', 'name': 'کارواش', 'name:en': 'Car Wash'}"
178,node,5352126957,36.3208563,59.5146985,"{'amenity': 'bank', 'name': 'کارواش'}"
179,node,5370141821,36.311303,59.5546328,"{'addr:street': 'خیام ۱۰', 'amenity': 'cafe', 'name': 'کافه راد', 'name:en': 'Rad Cafe'}"
180,node,5418812467,36.2881944,59.5429348,"{'addr:street': 'پیروزی ۷ (استاد حامد)', 'amenity': 'community_centre', 'name': 'Touchci', 'name:fa': 'تاچ سی - تاچسی'}"
181,node,5440604821,36.3171647,59.5211954,"{'addr:housenumber': '49', 'addr:street': 'کوثر ۵', 'amenity': 'pharmacy', 'email': 'alreda122@gmail.com', 'healthcare': 'pharmacy', 'name': 'داروخانه دکتر دانایی', 'name:en': 'Dr.danaee pharmacy', 'phone': '+985138824213'}"
182,node,5530432022,36.3223841,59.5532801,"{'amenity': 'restaurant', 'name': 'باغ زیتون', 'name:en': 'Olive Garden'}"
183,node,5534766113,36.3192444,59.5251569,"{'addr:city': 'مشهد', 'addr:country': 'IR', 'addr:housenumber': '34', 'addr:street': 'کوثر شمالی ۲', 'amenity': 'clinic', 'email': 'info@roobiyanclinic.com', 'name': 'کلینیک پوست و روبیان', 'name:en': 'Roobiyan Clinic', 'phone': '+98 915 503 0414', 'website': 'http://roobiyanclinic.com/'}"
184,node,5574642421,36.3183159,59.5516403,"{'addr:street': 'بزرگمهر شمالی', 'amenity': 'pharmacy', 'healthcare': 'pharmacy', 'name': 'داروخانه مدیکال', 'name:en': 'Medical pharmacy'}"
185,node,5574642422,36.3185686,59.5530413,"{'amenity': 'bureau_de_change', 'name': 'صرافی الیاسی', 'name:en': 'Elyasi exchange'}"
186,node,5574642521,36.3186394,59.5507829,"{'addr:city': 'مشهد', 'addr:street': 'بزرگمهر شمالی ۲', 'amenity': 'bureau_de_change', 'currency:EUR': 'yes', 'currency:USD': 'yes', 'currency:others': 'yes', 'name': 'صرافی فنودی', 'name:en': 'Fanoodi exchange'}"
187,node,5574642621,36.3187744,59.550927,"{'amenity': 'pharmacy', 'name': 'داروخانه دکتر ایزدیار', 'name:en': 'Dr.izadyar pharmacy'}"
188,node,5588409022,36.3099944,59.555846,"{'amenity': 'fast_food', 'name': 'کروژ', 'name:en': 'koriuzh'}"
189,node,5590040021,36.2841128,59.5573332,{'amenity': 'toilets'}
190,node,5695447964,36.3084963,59.5562263,"{'addr:street': 'هوشیار', 'amenity': 'restaurant', 'name': 'رستوران روژه', 'name:en': 'Roje Restaurant'}"
191,node,5779839559,36.3204886,59.5110003,"{'amenity': 'restaurant', 'name': 'هالیدیز', 'name:en': 'Holidays'}"
192,node,5836454885,36.3078204,59.528291,"{'amenity': 'library', 'internet_access': 'wlan', 'name': 'آزمایشگاه اتوماسیون و بینایی ماشین', 'name:en': 'Automation & Machine Vision Lab'}"
193,node,5841594886,36.3116638,59.5135375,"{'addr:street': 'بولوار کوثر', 'amenity': 'ice_cream', 'name': 'بستنی سیاه', 'name:en': 'black ice cream', 'opening_hours': 'Mo-Su 12:00-01:30', 'phone': '+98 933 829 1373'}"
194,node,5843554686,36.3078001,59.5280137,"{'amenity': 'library', 'internet_access': 'wlan', 'name': 'آزمایشگاه ابزار اندازه گیری', 'name:en': 'Instrumentation Lab'}"
195,node,5894247593,36.2953819,59.5089031,"{'addr:street': 'پایداری ۲', 'amenity': 'place_of_worship', 'name': 'مسجد موسی ابن جعفر (ع)', 'religion': 'muslim'}"
196,node,5932836636,36.3155115,59.5588992,"{'amenity': 'doctors', 'name': 'مطب دکتر رضویان'}"
197,node,6066352085,36.3112131,59.5623845,"{'amenity': 'cafe', 'cuisine': 'cake;coffee_shop', 'internet_access': 'wlan', 'name': 'کافه تکسین', 'name:en': 'Taksin caffe', 'name:fr': 'Taksin café', 'opening_hours': 'Mo-Su 08:30-00:00', 'source:name': 'map.ir'}"
198,node,6110993485,36.3226842,59.5576082,"{'addr:street': 'بنفشه ۳', 'amenity': 'cafe', 'name': 'کافه بلانش', 'name:en': 'Blanche Cafe', 'source:name': 'map.ir'}"
199,node,6129136785,36.3194184,59.5290325,"{'amenity': 'cafe', 'name': 'کافه بلانژ', 'name:en': 'Cofe shop blanzh'}"
200,node,6247496485,36.3146359,59.5050388,"{'amenity': 'cafe', 'name': 'کافی\u200cشاپ ولز', 'name:en': 'Velz coffeeshop', 'old_name': 'کافی شاپ خانه کوچک'}"
201,node,6332681795,36.2969638,59.5618099,"{'amenity': 'fountain', 'name': 'آب نما'}"
202,node,6353552785,36.3223276,59.5198775,"{'amenity': 'nursing_home', 'name': 'خونمون'}"
203,node,6419086407,36.2957407,59.4898684,"{'amenity': 'shelter', 'shelter_type': 'picnic_shelter'}"
204,node,6419086410,36.2958001,59.4897678,"{'amenity': 'shelter', 'shelter_type': 'picnic_shelter'}"
205,node,6419086411,36.2958466,59.4896901,"{'amenity': 'shelter', 'shelter_type': 'picnic_shelter'}"
206,node,6419086414,36.2958812,59.489619,"{'amenity': 'shelter', 'shelter_type': 'picnic_shelter'}"
207,node,6419086415,36.2957028,59.489568,"{'amenity': 'shelter', 'shelter_type': 'picnic_shelter'}"
208,node,6419086418,36.2958801,59.489395,"{'amenity': 'shelter', 'shelter_type': 'picnic_shelter'}"
209,node,6419086477,36.2956769,59.4899301,"{'amenity': 'shelter', 'shelter_type': 'picnic_shelter'}"
210,node,6419086478,36.295505,59.4899341,"{'amenity': 'shelter', 'shelter_type': 'picnic_shelter'}"
211,node,6419086482,36.2955083,59.4898684,"{'amenity': 'shelter', 'shelter_type': 'picnic_shelter'}"
212,node,6419086483,36.2955331,59.4897732,"{'amenity': 'shelter', 'shelter_type': 'picnic_shelter'}"
213,node,6419090686,36.295558,59.4897088,"{'amenity': 'shelter', 'shelter_type': 'picnic_shelter'}"
214,node,6419090687,36.295598,59.489674,"{'amenity': 'shelter', 'shelter_type': 'picnic_shelter'}"
215,node,6419090690,36.2956412,59.4896337,"{'amenity': 'shelter', 'shelter_type': 'picnic_shelter'}"
216,node,6436927485,36.2934151,59.5332009,"{'amenity': 'restaurant', 'name': 'مطعم كباب فيروز'}"
217,node,6447935283,36.3214422,59.4965359,"{'amenity': 'cafe', 'name': 'ویتانوش'}"
218,node,6478685480,36.3119283,59.5340747,"{'amenity': 'theatre', 'name': 'آمفی تئاتر دانشکده علوم پایه', 'theatre:type': 'amphi'}"
219,node,6478685585,36.3074965,59.5326216,"{'amenity': 'parking', 'name': 'پارکینگ دانشکده ادبیات'}"
220,node,6564427562,36.3113752,59.5547545,"{'amenity': 'cafe', 'name': 'Souda Cafe Restaurant'}"
221,node,6578879290,36.2768098,59.557826,{'amenity': 'toilets'}
222,node,6586661685,36.3180301,59.4998642,"{'addr:street': 'هنرستان ۱۹', 'amenity': 'school', 'name': 'دبیرستان هدف', 'name:en': 'Hadaf Highschool', 'phone': '+98 51 3868 3822'}"
223,node,6620981685,36.3209074,59.5373769,"{'amenity': 'post_office', 'name': 'مدينه العاب مشهد'}"
224,node,6657032309,36.3052812,59.513095,"{'amenity': 'doctors', 'healthcare': 'doctor', 'name': 'مطب دکتر اکرمی نژاد', 'phone': '+98 51 3882 9951', 'website': 'www.drakraminejad.com'}"
225,node,6683184785,36.3175788,59.5358162,"{'amenity': 'shower', 'name': 'دستشوي', 'name:en': 'Bathroom'}"
226,node,6689946285,36.3208941,59.5240087,"{'amenity': 'restaurant', 'name:ar': 'مطعم ليالي لبنان'}"
227,node,6711808188,36.3217133,59.5360067,"{'amenity': 'casino', 'name:ar': 'بارك ملت'}"
228,node,6762071641,36.3161513,59.5082874,"{'addr:city': 'Mashhad', 'addr:street': 'بین صارمی 28 و تقاطع هاشمیه', 'amenity': 'clinic', 'description': 'مجهز به بروز ترین دستگاه های روز دنیا', 'healthcare': 'physiotherapist', 'healthcare:speciality': 'physiotherapy', 'name:en': 'Aramesh physiotherapy clinic', 'name:fa': 'کلینیک فیزیوتراپی آرامش', 'opening_hours': 'Sa-Th 09:00-20:00', 'operator': 'نجمه معصومیان', 'phone': '+985138849047', 'website': 'https://arameshphysio.ir/', 'wheelchair': 'yes'}"
229,node,6817892920,36.3023636,59.5266717,"{'amenity': 'shelter', 'shelter_type': 'lean_to'}"
230,node,6817892921,36.30233,59.5270237,"{'amenity': 'shelter', 'shelter_type': 'lean_to'}"
231,node,6817892922,36.3024889,59.5266529,"{'amenity': 'shelter', 'shelter_type': 'lean_to'}"
232,node,6818237710,36.3123118,59.5362989,"{'amenity': 'shelter', 'shelter_type': 'lean_to'}"
233,node,6818237711,36.3122087,59.5365538,"{'amenity': 'shelter', 'shelter_type': 'lean_to'}"
234,node,6818237712,36.312411,59.5365992,"{'amenity': 'shelter', 'shelter_type': 'lean_to'}"
235,node,6818237713,36.3124492,59.5363682,"{'amenity': 'shelter', 'shelter_type': 'lean_to'}"
236,node,6832958843,36.3117437,59.496358,"{'amenity': 'clinic', 'healthcare': 'clinic', 'name': 'کلینیک سلامت فکوری'}"
237,node,6867166209,36.3030173,59.5280772,"{'amenity': 'restaurant', 'delivery': 'no', 'name': 'تریا وزنی خوابگاه فجر', 'smoking': 'no', 'takeaway': 'yes', 'wheelchair': 'yes'}"
238,node,6928082285,36.315505,59.5042757,{'amenity': 'toilets'}
239,node,7004378787,36.2916319,59.5605937,"{'addr:housenumber': '69', 'addr:street': 'بولوار بعثت', 'amenity': 'college', 'name': 'مرکز علمی کاربردی مدیریت صنعتی خراسان رضوی', 'opening_hours': 'Sa-Th 07:30-20:00', 'phone': '+985138454100', 'website': 'http://www.asteimi.ir'}"
240,node,7005848324,36.2925498,59.5629627,"{'addr:city': 'Mashhad', 'addr:housenumber': '178', 'addr:postcode': '91766987', 'addr:street': 'بولوار بعثت', 'amenity': 'doctors', 'email': 'simon@drrashidganji.com', 'healthcare:speciality': 'Orthopedic Surgeon', 'name': 'Orthopedic Surgeon Dr. Rashid Ganji', 'phone': '+98 51 3842 7305', 'website': 'https://drrashidganji.com', 'wheelchair': 'yes'}"
241,node,7065776885,36.3198074,59.5607679,"{'amenity': 'atm', 'operator': 'Bank Refah Gargaran'}"
242,node,7108812835,36.2773843,59.5501464,"{'amenity': 'atm', 'name': 'عابر بانک'}"
243,node,7277749508,36.3108069,59.5487872,"{'amenity': 'fast_food', 'cuisine': 'pizza', 'name': 'پیتزا ویانا'}"
244,node,7277749510,36.3116433,59.5493142,"{'amenity': 'clinic', 'name': 'درمانگاه تخصصی پوست نگین', 'name:en': 'Negin Skin & Hair Clinic'}"
245,node,7277749515,36.3140013,59.5513514,"{'amenity': 'bank', 'atm': 'yes', 'brand': 'Shahr Bank', 'name': 'بانک شهر - سرپرستی منطقه یک'}"
246,node,7317183198,36.3229093,59.5528643,{'amenity': 'parking_entrance'}
247,node,7317183218,36.3224033,59.5531714,{'amenity': 'restaurant'}
248,node,7320792235,36.3178789,59.551722,"{'amenity': 'bank', 'brand': 'بانک سپه', 'brand:en': 'Bank Sepah', 'brand:wikidata': 'Q2882624', 'brand:wikipedia': 'en:Bank Sepah', 'building': 'yes', 'name': 'بانک سپه', 'name:en': 'Bank Sepah'}"
249,node,7369785621,36.3045321,59.5038763,"{'amenity': 'waste_basket', 'waste': 'trash'}"
250,node,7369785622,36.3055373,59.5034176,"{'amenity': 'waste_basket', 'waste': 'trash'}"
251,node,7369785624,36.309188,59.5029536,"{'amenity': 'car_wash', 'name': 'کارواش هاشمیه ۵۵'}"
252,node,7369785625,36.3099099,59.5034873,"{'amenity': 'telephone', 'covered': 'yes', 'payment:telephone_cards': 'yes'}"
253,node,7426831439,36.3146378,59.5608357,{'amenity': 'bicycle_rental'}
254,node,7561432885,36.3005244,59.5120951,{'amenity': 'atm'}
255,node,7617995285,36.3185446,59.5549548,"{'addr:street': 'بهارستان ۱', 'amenity': 'dentist', 'name': 'مطب دندانپزشکی دکتر ناهید نصرآبادی', 'name:en': 'Dr Nahid Nasrabadi', 'phone': '+989152535390', 'website': 'http://drnahidnasrabadi.com'}"
256,node,7671113595,36.3191516,59.5248237,"{'amenity': 'cafe', 'name': 'کافه نون'}"
257,node,7671113598,36.3123027,59.5052071,"{'amenity': 'cafe', 'name:en': 'hononoy donate'}"
258,node,7671113599,36.3122067,59.5457105,"{'amenity': 'cafe', 'name:en': 'exir sweet'}"
259,node,7671113689,36.3229778,59.5171539,"{'addr:street': 'زیرگذر سید رضی', 'amenity': 'ice_cream', 'name': 'yoguland', 'name:fa': 'mast bastanu', 'opening_hours': 'Mo-Su 09:00-01:00'}"
260,node,7736186514,36.2725942,59.5499472,"{'amenity': 'fast_food', 'name': 'کافه آسمان شهر', 'phone': '05138718570'}"
261,node,7761775697,36.3220238,59.5528398,"{'addr:city': 'mashhad', 'amenity': 'fast_food', 'cuisine': 'pizza;chicken', 'name': 'پیتزا پنیر', 'name:en': 'pizza paneer'}"
262,node,7904284027,36.3169777,59.5213886,"{'addr:city': 'مشهد', 'addr:country': 'IR', 'addr:street': 'کوثر ۸/۱', 'amenity': 'social_centre', 'brand': 'کانون فرهنگی تبلیغی راه نور', 'name': 'کانون فرهنگی تبلیغی راه نور', 'phone': '+98518388234', 'website': 'https://rahenoor.ir'}"
263,node,8073417765,36.3199347,59.5425148,"{'amenity': 'police', 'name': 'کلانتری ۲۱ سجاد'}"
264,node,8073445352,36.2996515,59.5096962,{'amenity': 'atm'}
265,node,8112527485,36.3073992,59.4958971,"{'amenity': 'fire_station', 'name': 'ایستگاه ۲۶ آتش نشانی'}"
266,node,8112527914,36.2678367,59.5435987,"{'amenity': 'fire_station', 'name': 'ایستگاه ۴۷ آتش نشانی'}"
267,node,8184454017,36.2926366,59.5612937,"{'amenity': 'clinic', 'name:ar': 'دكتوره تجميل مشهد'}"
268,node,8230629517,36.2880214,59.5107665,"{'addr:street': 'بولوار دلاوران', 'amenity': 'pharmacy', 'name': 'داروخانه دکتر حائری', 'name:en': ""Haeri's drugstore"", 'opening_hours': '24/7', 'phone': '+98 51 3823 0838'}"
269,node,8364670522,36.3172337,59.5077763,"{'addr:city': 'Mashhad', 'addr:housenumber': '95', 'addr:street': 'صارمی ۲۳', 'amenity': 'cafe', 'cuisine': 'coffee_shop;burger;sandwich', 'internet_access': 'no', 'name': 'Dalahoo Cafe', 'opening_hours': 'Mo-Su 09:00-21:00', 'outdoor_seating': 'yes', 'phone': '+98 915 699 0300'}"
270,node,8407318217,36.2810476,59.5531905,"{'amenity': 'police', 'name': 'یگان ویژه خراسان رضوی', 'name:en': 'Yegan Vijah'}"
271,node,8454030528,36.293027,59.5327073,"{'amenity': 'restaurant', 'name': 'جگری چرب و چیلی'}"
272,node,8509267417,36.3223603,59.5143637,"{'amenity': 'veterinary', 'name': 'بيمارستان حيوانات خانگي مهر', 'name:en': 'Mehr pet Hospital'}"
273,node,8770154438,36.3223645,59.5532792,"{'amenity': 'cafe', 'name': 'کافه رژیمی'}"
274,node,8773035767,36.2934178,59.5629734,"{'amenity': 'clinic', 'name': 'مرکز بهداشت ادویه چی'}"
275,node,8773065765,36.3156158,59.5062111,"{'amenity': 'clinic', 'name': 'مرکز بهداشت صفاری'}"
276,node,8788022100,36.3185673,59.5446071,"{'amenity': 'bank', 'atm': 'yes', 'name': 'بانک ملت شعبه سجاد', 'name:en': 'Mellat bank - Sajjad branch'}"
277,node,8788744805,36.3146012,59.5420489,"{'amenity': 'fast_food', 'name': 'ساندویچ نسترن'}"
278,node,8813890217,36.3216828,59.4879484,"{'amenity': 'fuel', 'name': 'پمپ بنزین حافظ', 'name:en': 'hafez gas station'}"
279,node,8851026556,36.3154909,59.5457698,"{'amenity': 'fast_food', 'name': 'چهارچوب'}"
280,node,8851028699,36.3157967,59.5454208,"{'amenity': 'school', 'name': 'دبستان دخترانه پویندگان رسالت'}"
281,node,8851035058,36.3186504,59.5462158,"{'amenity': 'bank', 'name': 'بانک قرض الحسنه مهر ایران'}"
282,node,8852012856,36.3182593,59.5475809,"{'amenity': 'bank', 'atm': 'yes', 'name': 'بانک سپه شعبه سجاد', 'name:en': 'Sepah Bank - Sajjad branch'}"
283,node,8866831884,36.3114513,59.5625345,"{'amenity': 'car_wash', 'name': 'كارواش سينا', 'name:en': 'Sina Car Wash', 'phone': '+98 903 095 4340; +98 933 130 4235'}"
284,node,8928072811,36.3116425,59.5379984,{'amenity': 'parking_entrance'}
285,node,8928072813,36.3140947,59.5384693,{'amenity': 'parking_entrance'}
286,node,9216875026,36.3009353,59.5386578,"{'amenity': 'waste_basket', 'waste': 'trash'}"
287,node,9330368115,36.2877619,59.5104198,"{'addr:city': 'مشهد', 'addr:street': 'بولوار دلاوران بین 45 و 47', 'amenity': 'cafe', 'cuisine': 'coffee_shop', 'name': 'کافه کولاک', 'name:en': 'KOOLAK COFFEE', 'opening_hours': 'Mo-Su 07:00-22:00', 'opening_hours:covid19': 'open', 'phone': '+985138216743'}"
288,node,9360724335,36.3075308,59.5158639,"{'amenity': 'shelter', 'bench': 'no', 'lit': 'yes', 'shelter_type': 'public_transport'}"
289,node,9361086701,36.3087585,59.5174387,"{'amenity': 'toilets', 'male': 'yes'}"
290,node,9363727262,36.3085657,59.5174363,"{'amenity': 'toilets', 'female': 'yes'}"
291,node,9370431579,36.3218743,59.5141908,"{'addr:city': 'شهر مشهد', 'addr:street': 'نبش هاشمیه ۱', 'amenity': 'cafe', 'cuisine': 'coffee_shop;قهوه;کیک;نوشیدنی_سرد;ice_cream;میلک_شیک', 'internet_access': 'no', 'name': 'کافی شاپ فا', 'opening_hours': 'sa-fr 07:00-01:00', 'opening_hours:covid19': 'open', 'outdoor_seating': 'yes', 'phone': '+985138814282', 'website': 'https://www.instagram.com/cafe.faa/?hl=en'}"
292,node,9388648477,36.3182876,59.5533576,"{'addr:city': 'مشهد', 'addr:street': 'بولوار سجاد - مرکز تجاری تندیس - طبقه منفی ۱', 'amenity': 'cafe', 'cuisine': 'coffee_shop;pizza;italian;american', 'internet_access': 'no', 'name': 'کافی شاپ کارا', 'opening_hours': 'sa-fr 08:00-22:00', 'outdoor_seating': 'no', 'phone': '+98 51 3761 6666', 'website': 'https://www.instagram.com/kara_cafe_restaurant'}"
293,node,9490793417,36.3215189,59.4966095,"{'amenity': 'fast_food', 'name': 'زاپارات'}"
294,node,9580425137,36.3196399,59.5211309,"{'amenity': 'restaurant', 'name': 'غذای سنتی لاویج'}"
295,node,9682991575,36.3055344,59.5156439,"{'amenity': 'toilets', 'unisex': 'yes'}"
296,node,9702360718,36.3189747,59.5247081,"{'amenity': 'fast_food', 'name': 'اغذیه صمدی', 'name:en': 'Samadi food'}"
297,node,9732432482,36.3196139,59.4940647,"{'amenity': 'fast_food', 'name': 'پیتزا شبدیز'}"
298,node,9739130686,36.3192465,59.4938046,"{'amenity': 'fast_food', 'name': 'مک فود'}"
299,node,9739130687,36.3201023,59.4946119,"{'amenity': 'restaurant', 'name': 'کباب دربار'}"
300,node,9743774055,36.3126234,59.5371254,"{'amenity': 'cafe', 'name': 'تریای دانشکده داروسازی', 'name:en': 'Pharmacy School Cafeteria'}"
301,node,9789655039,36.3134245,59.5013738,"{'amenity': 'cafe', 'name': 'کافه نیلا'}"
302,node,9790283445,36.3155998,59.5361031,{'amenity': 'cafe'}
303,node,9835596139,36.3105691,59.5038924,"{'amenity': 'ice_cream', 'name': 'بستنی هانی رول'}"
304,node,9895713706,36.3189354,59.5305892,"{'addr:street': '۳ وکیل آباد', 'amenity': 'studio', 'name': 'سی پلان', 'studio': 'video', 'website': 'https://instagram.com/see.pelan'}"
305,node,9913872258,36.3183399,59.5516719,"{'amenity': 'bank', 'name': 'بانک صادرات - کد ۳۴۶۷'}"
306,node,9917093717,36.3181207,59.5425318,"{'amenity': 'restaurant', 'name': 'کافه رستوران کانو', 'name:en': 'CANO Cafe Restaurant'}"
307,node,9971738523,36.3176527,59.5564355,"{'amenity': 'cafe', 'name': 'تی شاپ'}"
308,node,10003811783,36.315539,59.5255578,{'amenity': 'cafe'}
309,node,10010711991,36.3136609,59.5351481,"{'amenity': 'library', 'indoor': 'yes', 'level': '1', 'name': 'کتابخانه تخصصی گروه معارف اسلامی', 'name:en': 'Specialized Library of Islamic Teachings'}"
310,node,10010712005,36.312792,59.5352165,"{'amenity': 'conference_centre', 'indoor': 'yes', 'level': '0', 'name': 'تالار دانشجو', 'name:en': 'Daneshjoo Conference Hall'}"
311,node,10010712007,36.3126883,59.5356658,"{'addr:postcode': '9177899191', 'amenity': 'college', 'email': 'tim.pr@mums.ac.ir', 'level': '2', 'name': 'دانشکده طب ایرانی و مکمل', 'name:en': 'School of Persian and Complementary Medicine', 'phone': '+985138848930', 'website': 'https://tim.mums.ac.ir/'}"
312,node,10010712008,36.3135766,59.5350623,"{'amenity': 'conference_centre', 'indoor': 'yes', 'level': '0', 'name': 'تالار امام علی', 'name:en': 'Imam Ali Conference Hall'}"
313,node,10010712009,36.3132859,59.5359689,"{'amenity': 'conference_centre', 'indoor': 'yes', 'level': '0', 'name': 'تالار امام رضا', 'name:en': 'Imam Reza Conference Hall'}"
314,node,10010712010,36.313515,59.5355532,"{'amenity': 'library', 'indoor': 'yes', 'level': '2', 'name': 'کتابخانه دانشکده پزشکی', 'name:en': 'Library of School of Medicine', 'opening_hours': 'Sa-We 08:00-14:00', 'ref:isil': 'IR-201400054', 'website': 'https://medical.mums.ac.ir/medlib'}"
315,node,10010712011,36.3133254,59.5356734,"{'amenity': 'atm', 'brand': 'بانک تجارت', 'brand:wikidata': 'Q7695198', 'indoor': 'yes', 'level': '0', 'name': 'بانک تجارت', 'name:en': 'Tejarat Bank', 'operator': 'بانک تجارت', 'operator:wikidata': 'Q7695198'}"
316,node,10010712013,36.3130472,59.5353308,"{'amenity': 'place_of_worship', 'indoor': 'yes', 'level': '0', 'name': 'نمارخانه', 'name:en': 'Prayer Hall', 'religion': 'muslim'}"
317,node,10048593919,36.3167331,59.5571664,"{'amenity': 'clinic', 'name': 'کلینیک فیزیوتراپی عدالتیان'}"
318,node,10077518130,36.3119085,59.560367,"{'addr:street': 'فرهادد ۲۲', 'amenity': 'cafe', 'cuisine': 'coffee_shop', 'internet_access': 'no', 'name': 'کافی شاپ پینات', 'outdoor_seating': 'yes', 'phone': '+9891540373'}"
319,node,10235207148,36.3134675,59.5009097,"{'amenity': 'pharmacy', 'name': 'داروخانه دکتر احمدی'}"
320,node,10235328559,36.3157454,59.5008936,"{'amenity': 'cafe', 'name': 'کافه بالسا'}"
321,node,10296944145,36.2886324,59.5413709,"{'amenity': 'school', 'name': 'دبیرستان دخترانه علم و فرهنگ'}"
322,node,10316425673,36.3095619,59.5087928,"{'amenity': 'fast_food', 'name': 'فست فود و غذای مکزیکی ریکو'}"
323,node,10316848912,36.320031,59.5573327,"{'amenity': 'school', 'name': 'پیش دبستانی و دبستان غیردولتی آریانا'}"
324,node,10725150731,36.2926522,59.5609994,"{'addr:city': 'مشهد', 'addr:housenumber': '204', 'addr:postcode': '9176867149', 'addr:street': 'بولوار بعثت', 'amenity': 'courthouse', 'description': 'Official court expert', 'email': 'ali.seifi88@yahoo.com', 'name': 'کارشناس رسمی دادگستری'}"
325,node,10737870016,36.2930686,59.5327409,"{'amenity': 'restaurant', 'name': 'جگرسرای هفت کباب'}"
326,node,10814355486,36.2817232,59.5512767,"{'amenity': 'police', 'name': 'اداره آگاهی رضا شهر'}"
327,node,10814355487,36.2810789,59.5516281,"{'amenity': 'police', 'name': 'اداره مبارزه با مواد مخدر'}"
328,node,10816374279,36.3193426,59.4917136,"{'amenity': 'school', 'name': 'دبیرستان دخترانه سبلان علم'}"
329,node,10816447432,36.3170332,59.4955131,"{'amenity': 'car_wash', 'name': 'کارواش کاربیست'}"
330,node,10816456487,36.3090744,59.5539135,"{'amenity': 'pharmacy', 'name': 'داروخانه دکتر حسینی میلانی', 'phone': '05137658525'}"
331,node,10816459952,36.3191104,59.4920774,"{'amenity': 'school', 'name': 'دبستان پسرانه مفتاح'}"
332,node,10816460274,36.3192554,59.4918641,"{'amenity': 'car_wash', 'name': 'کارواش آرتا'}"
333,node,10816465299,36.3178959,59.4941145,"{'amenity': 'doctors', 'healthcare': 'doctor', 'name': 'مرکز پزشکی پیروزی'}"
334,node,10816465512,36.3179166,59.4940689,"{'amenity': 'pharmacy', 'healthcare': 'pharmacy', 'name': 'داروخانه'}"
335,node,10816468010,36.3206176,59.4895632,"{'amenity': 'pharmacy', 'healthcare': 'pharmacy', 'name': 'داروخانه دکتر محمدیان', 'opening_hours': 'Mo-Th, Sa, Su 09:30-14:00, 17:00-22:00', 'phone': '05138691766'}"
336,node,10816468012,36.3190675,59.4921529,"{'amenity': 'kindergarten', 'name': 'مهد کودک اقاقیا'}"
337,node,10816469389,36.3172272,59.495143,"{'amenity': 'car_wash', 'name': 'کارواش'}"
338,node,10816471746,36.3171017,59.4953995,"{'amenity': 'car_wash', 'name': 'کارواش بزرگ کوروش'}"
339,node,10839280200,36.3185366,59.5448001,"{'amenity': 'fast_food', 'name': 'کمپ مزه'}"
340,node,10919364755,36.3021306,59.511483,"{'amenity': 'cafe', 'name': 'کافی شاپ آرامش'}"
